Code,Country,Year,pRate,rate,GDPperCap,MF_ratio,MobilePhones,UrbanPop
4,Denmark,1990,26.5082573109863,9.200844155,26891.44164,1.046908673,2.883032183,84.843
4,Denmark,1991,25.334369276874412,8.996059715,27011.38589,1.044064598,3.413116199,84.871
4,Denmark,1992,25.430899849504502,9.699860863,29569.65453,1.043513076,4.081153984,84.898
4,Denmark,1993,24.806557068604622,9.137091653,27597.97148,1.0455619840000001,6.888976566,84.925
4,Denmark,1994,24.074096392802478,9.20781459,29995.56522,1.04570764,9.661633662,84.952
4,Denmark,1995,23.083922272494984,8.718792457,35351.38071,1.046747435,15.71394063,84.979
4,Denmark,1996,23.297258764824054,8.197783682,35650.72434,1.048499773,25.05474932,85.006
4,Denmark,1997,23.260946622882404,8.687742859,32835.92877,1.043238074,27.36064934,85.033
4,Denmark,1998,22.133681390396372,7.948066222,33368.15485,1.04339493,36.4332626,85.06
4,Denmark,1999,21.370403765734935,7.965977749,33440.80162,1.041690037,49.39302195,85.086
4,Denmark,2000,22.00972893815382,7.851296588,30743.55917,1.039546466,62.97378451,85.1
4,Denmark,2001,21.73897147536908,7.67042754,30751.64946,1.039873061,73.91039895,85.15
4,Denmark,2002,20.348353389824375,6.490922116,33228.69291,1.044618758,83.34111016,85.25
4,Denmark,2003,20.94061350569582,6.035067671,40458.77064,1.048109131,88.4931932,85.36
4,Denmark,2004,21.714476549617682,5.746926508,46511.60457,1.053127761,95.63465791,85.566
4,Denmark,2005,21.7865070743737,5.708078348,48799.82037,1.055056642,100.5072946,85.856
4,Denmark,2006,22.480665841567948,5.991788303,52026.99311,1.0575932,107.0505628,86.098
4,Denmark,2007,22.905429930525926,5.775708909,58487.04501,1.055700249,115.3208334,86.293
4,Denmark,2008,24.030836191951607,6.116828348,64322.06664,1.054903914,119.2657784,86.487
4,Denmark,2009,22.465251589268398,5.525027236,58163.29359,1.052742161,123.654185,86.654
4,Denmark,2010,20.155464961894122,5.065186494,58041.41122,1.052558621,115.5890246,86.795
4,Denmark,2011,18.688197927884865,4.589982665,61753.66007,1.05291438,128.4855486,86.957
4,Denmark,2012,18.208852796522933,4.409241679,58507.50021,1.053785886,129.9803588,87.142
4,Denmark,2013,16.880056419753796,4.231481535,61191.19263,1.053954256,124.714087,87.292
10,England and Wales,1990,68,32.67311158,19095.467,1.045904935,1.948120161,78.14
10,England and Wales,1991,64.1,32.21800813,19900.72665,1.049248042,2.197440097,78.112
10,England and Wales,1992,61.9,30.91135318,20487.17079,1.046766374,2.621118549,78.172
10,England and Wales,1993,59.7,30.39406518,18389.01957,1.040022539,3.934052718,78.232
10,England and Wales,1994,58.7,28.85476576,19709.2381,1.035670454,6.815338962,78.293
10,England and Wales,1995,58.7,28.64709989,23013.45882,1.032155602,9.892982241,78.353
10,England and Wales,1996,63.2,30.02536914,24219.62285,1.029277026,12.46348124,78.413
10,England and Wales,1997,62.6,30.55068211,26621.48006,1.027843751,15.15253492,78.472
10,England and Wales,1998,65.1,31.20187141,28014.8947,1.027747424,25.41295714,78.532
10,England and Wales,1999,63.1,30.93753817,28383.66891,1.029230117,46.27491764,78.591
10,England and Wales,2000,62.5,29.30152667,27982.35576,1.034945877,73.70886336,78.651
10,England and Wales,2001,60.8,28.13577506,27427.5875,1.043018273,78.24769922,78.751
10,England and Wales,2002,60.6,27.3243976,29785.98629,1.050564916,82.94670337,79.047
10,England and Wales,2003,59.9,27.23194542,34173.97998,1.050748334,91.06414709,79.339
10,England and Wales,2004,60.3,27.15150304,39983.98467,1.042161364,99.67234557,79.629
10,England and Wales,2005,60,26.56647056,41732.64054,1.032353407,108.6004149,79.915
10,England and Wales,2006,60.2,26.67870787,44252.31582,1.032786496,115.254437,80.199
10,England and Wales,2007,61.7,26.01252532,50134.3161,1.039134514,120.2257083,80.479
10,England and Wales,2008,60.1,25.77333934,46767.59222,1.039587818,120.7240644,80.757
10,England and Wales,2009,57.3,24.85689815,38262.18213,1.039509792,121.9353861,81.031
10,England and Wales,2010,54.6,23.35572003,38893.01849,1.042881877,121.2030538,81.302
10,England and Wales,2011,48.9,21.10878048,41412.34924,1.046532849,120.9215205,81.57
10,England and Wales,2012,44.2,19.79793278,41790.77914,1.050296956,121.9127668,81.837
10,England and Wales,2013,40.5,17.27391571,42724.06788,1.0541046,121.7088908,82.102
7,Finland,1990,28.084570699530392,12.40824941,28380.54891,1.044599473,5.161339908,79.367
7,Finland,1991,26.02231311249696,12.3887719,25503.21521,1.047616155,6.358419047,79.843
7,Finland,1992,24.544936486584987,11.9217695,22337.48712,1.05204323,7.651669747,80.128
7,Finland,1993,21.76534046497807,10.70612327,17617.03044,1.048248419,9.644999033,80.409
7,Finland,1994,20.83942752312023,10.09606202,20305.58355,1.045605901,13.25391689,80.688
7,Finland,1995,20.78871395167576,9.777022603,26273.4659,1.044595479,20.29937459,80.963
7,Finland,1996,21.091624508150648,9.73693086,25777.6413,1.043082881,29.23903329,81.223
7,Finland,1997,21.085011396387063,9.073282222,24676.49708,1.042835346,41.97749656,81.466
7,Finland,1998,22.398255177204653,9.293309218,25989.4075,1.046048802,55.10944297,81.707
7,Finland,1999,23.805128268667257,9.668006864,26178.79178,1.046060253,63.24342736,81.946
7,Finland,2000,24.807348498859504,9.974724123,24253.25042,1.047999507,71.87081844,82.183
7,Finland,2001,25.96185272661121,10.60674268,24913.24452,1.045978996,80.29235384,82.368
7,Finland,2002,27.231749782365377,11.10191518,26834.02625,1.047133441,86.6381899,82.503
7,Finland,2003,25.575887234082956,10.33451273,32816.16088,1.045243083,90.81753315,82.638
7,Finland,2004,26.322860778759026,10.61083152,37636.11173,1.044763616,95.15116311,82.772
7,Finland,2005,25.35533109155088,10.32938771,38969.17163,1.045283577,100.2105563,82.905
7,Finland,2006,23.80375452736826,9.526603071,41120.67651,1.046510738,107.4358085,83.037
7,Finland,2007,22.8197783975277,9.208311349,48288.5491,1.043585588,114.7599836,83.168
7,Finland,2008,21.502785215277136,8.675407011,53401.31487,1.043024651,128.3858236,83.299
7,Finland,2009,21.459599549063817,8.525818547,47107.15571,1.041325605,144.1233426,83.429
7,Finland,2010,20.55006613716299,8.413744339,46202.41516,1.03980421,156.361179,83.77
7,Finland,2011,20.273240820336486,7.667321626,50790.72415,1.039076507,165.8860374,84.313
7,Finland,2012,18.33868003862086,7.443859594,47415.55987,1.04171053,172.178726,84.841
7,Finland,2013,17.64234671820563,7.24766676,49638.07713,1.038965745,136.3200932,85.125
8,France,1990,23.2836158576359,12.42606261,21690.62912,1.045609148,0.497183723,74.056
8,France,1991,23.977600163155106,12.42989429,21675.06425,1.042915135,0.655162571,74.229
8,France,1992,23.295493041208704,11.91888303,23813.71184,1.043640717,0.759518231,74.401
8,France,1993,22.547078459652752,11.02669414,22380.10396,1.044316555,0.990565041,74.572
8,France,1994,21.762417539774933,10.11512094,23496.52332,1.044267128,1.522658967,74.743
8,France,1995,21.31606261610164,9.650077206,26890.21988,1.04361639,2.236359799,74.912
8,France,1996,22.300473285513178,9.576188242,26871.82902,1.044161695,4.20976597,75.082
8,France,1997,22.211449050347966,9.458652058,24228.94235,1.04479448,9.899530141,75.25
8,France,1998,22.706228599507572,9.457945189,24974.2722,1.044504185,18.9889303,75.417
8,France,1999,24.006786339868498,10.21222632,24673.19897,1.044978456,36.13436735,75.614
8,France,2000,24.326279537768926,11.08327628,22364.02939,1.0401195,48.73886397,75.871
8,France,2001,25.435537378153292,11.53120257,22433.55571,1.037934019,61.75367525,76.127
8,France,2002,24.751640523380715,10.90689677,24177.33517,1.03694753,64.06849532,76.38
8,France,2003,24.446109828487447,10.58312183,29568.38595,1.037197534,68.87189627,76.632
8,France,2004,25.457947576478812,10.58854373,33741.26515,1.039647665,73.1589461,76.883
8,France,2005,25.48677545567714,10.32913958,34760.18777,1.039713059,78.53166302,77.13
8,France,2006,26.03846321692913,10.26051144,36443.62344,1.040762952,83.87657249,77.377
8,France,2007,25.71966317626706,10.09989788,41508.43269,1.045640824,89.34353008,77.621
8,France,2008,25.427422976018082,10.15593222,45334.11091,1.04546816,93.00882838,77.868
8,France,2009,25.109312372438364,9.921736895,41575.41618,1.045262886,92.39159417,78.117
8,France,2010,25.561279293381865,9.832687978,40638.334,1.046863582,91.68330775,78.369
8,France,2011,24.000709817665587,9.528553859,43790.7354,1.047836793,94.43104231,78.622
8,France,2012,24.23041838112139,9.565736473,40874.71596,1.047916978,97.83174772,78.878
8,France,2013,23.13918786200839,9.034142449,42592.95152,1.048105097,99.06771312,79.135
3,Germany,1990,30.2635921336887,19.37933928,22219.57253,1.051216202,0.344558605,73.118
3,Germany,1991,26.5763038425194,18.32929262,23269.3818,1.051787607,0.668955763,73.269
3,Germany,1992,24.83133475509115,16.88178994,26333.53744,1.050693783,1.214161974,73.36
3,Germany,1993,23.195642030469177,15.16995027,25488.51952,1.054595,2.203646375,73.497
3,Germany,1994,21.14851177254554,13.73600375,27087.55845,1.054799842,3.077311214,73.71
3,Germany,1995,19.915574532292265,12.96288896,31729.69976,1.053076,4.585145625,73.922
3,Germany,1996,18.576361602308953,13.14063846,30564.24781,1.050666746,6.769308559,74.133
3,Germany,1997,18.813970996080275,13.04920814,27045.71913,1.049332684,10.15461792,74.342
3,Germany,1998,19.196327516866628,13.12611876,27340.67288,1.048506059,17.07132651,74.551
3,Germany,1999,19.785977348839545,13.34873638,26795.99113,1.048539494,28.77459027,74.758
3,Germany,2000,20.66942256987524,13.69236128,23718.7467,1.047821491,59.15244421,74.965
3,Germany,2001,21.526604428846536,13.76881712,23687.31689,1.047204025,68.83597997,75.17
3,Germany,2002,20.615973432271574,13.0888408,25205.16445,1.048740988,72.45024706,75.374
3,Germany,2003,19.75907066917103,12.31537967,30359.95215,1.048595549,79.32767834,75.577
3,Germany,2004,19.344726915426886,11.6060568,34165.93403,1.048831468,87.280701,75.779
3,Germany,2005,18.383364628875423,11.20150814,34696.62092,1.047646095,97.06110232,75.98
3,Germany,2006,17.485786024194965,10.66004417,36447.87232,1.047701756,105.042469,76.179
3,Germany,2007,17.023144959422776,10.42218985,41814.8191,1.047771379,118.3029902,76.378
3,Germany,2008,16.37626588325752,10.15329515,45699.19832,1.046531106,130.0651266,76.575
3,Germany,2009,15.475843297365607,9.454894527,41732.70725,1.047077716,129.6846864,76.771
3,Germany,2010,15.029367786891196,9.250654472,41785.55691,1.048757591,109.2777489,76.966
3,Germany,2011,14.084742631606234,8.591512146,46810.32796,1.049919285,112.3137649,77.16
3,Germany,2012,13.72247069713984,8.37874574,44065.24891,1.052076992,113.9808799,77.17
3,Germany,2013,12.923380953713195,8.046213048,46530.91143,1.054079694,123.0958333,77.18
12,Iceland,1990,46.60439774275151,30.64798599,25008.84946,1.050690796,3.924828362,90.75
12,Iceland,1991,41.62670247458277,28.58239018,26405.91589,1.045271437,5.003027668,90.932
12,Iceland,1992,40.90736522399393,26.86028853,26722.44119,1.040242976,5.86236455,91.112
12,Iceland,1993,39.2578125,23.2421875,23230.4718,1.039355469,6.628061038,91.287
12,Iceland,1994,39.338089575901705,23.58303607,23662.80668,1.032996433,8.239105673,91.46
12,Iceland,1995,38.656280428432325,23.17429406,26239.0273,1.033495618,11.53948189,91.63
12,Iceland,1996,39.599190673475285,21.58204066,27261.17166,1.038057616,17.32555987,91.797
12,Iceland,1997,44.88467795961336,24.30854627,27842.61347,1.039621016,23.96987265,91.96
12,Iceland,1998,49.56268221574344,24.82836453,30847.6437,1.052101947,37.87922818,92.121
12,Iceland,1999,45.28934861615879,24.32205759,32148.15015,1.051439754,62.12041602,92.267
12,Iceland,2000,47.951012717852095,22.98634008,31746.02314,1.047479981,76.62952199,92.401
12,Iceland,2001,41.19277453885119,19.87957565,28551.78527,1.02446717,87.70762123,92.532
12,Iceland,2002,38.46904901386448,18.55106425,32024.1856,1.020894357,91.27638621,92.662
12,Iceland,2003,35.71781933313545,16.52320174,39086.77319,1.027505689,97.12382619,92.789
12,Iceland,2004,33.14430973797419,12.8079781,46984.06654,1.046538913,99.64411344,92.914
12,Iceland,2005,30.36980264418471,14.46637287,56250.68281,1.042249473,95.97564572,93.037
12,Iceland,2006,29.764098783634353,13.8223369,56121.32242,1.058422411,100.731997,93.159
12,Iceland,2007,32.92365658921683,14.35363775,68428.34821,1.064860501,106.8473132,93.278
12,Iceland,2008,29.850746268656717,14.57827143,55632.10432,1.055275946,108.3754712,93.395
12,Iceland,2009,26.545641376948108,14.55728721,40640.9902,1.044528173,107.4754972,93.511
12,Iceland,2010,28.664887664629422,12.91211156,41851.73548,1.04863562,106.4774231,93.574
12,Iceland,2011,26.527544433636926,10.96471837,46181.95294,1.055973119,106.3901824,93.587
12,Iceland,2012,25.024316915730832,11.31841896,44562.81802,1.050313909,108.167704,93.6
12,Iceland,2013,20.241093918675784,7.286793811,48023.62691,1.051367398,108.9395742,93.633
13,Italy,1990,14.52523816613129,8.967367285,20757.08868,1.042673658,0.465628234,66.726
13,Italy,1991,13.851297521877827,8.394799214,21884.10437,1.041024328,0.993832013,66.706
13,Italy,1992,13.312217128755355,7.610066156,23166.80406,1.03759221,1.369147121,66.742
13,Italy,1993,13.637797917242818,7.762192109,18676.95258,1.037184465,2.109463097,66.802
13,Italy,1994,12.816373503722351,7.179986724,19273.84417,1.037837849,3.912570332,66.862
13,Italy,1995,12.768639674628709,6.732379889,20596.38858,1.038553387,6.851780239,66.922
13,Italy,1996,13.425745194306115,6.737526038,23020.09994,1.039945483,11.22145209,66.982
13,Italy,1997,13.420739746488833,6.567254594,21779.62437,1.040910842,20.52622947,67.042
13,Italy,1998,13.068343159591949,6.049496819,22252.35809,1.042419892,35.84903924,67.102
13,Italy,1999,14.309539380264663,6.869640889,21936.82313,1.044600309,52.98357088,67.162
13,Italy,2000,14.232721936903891,6.849276329,20051.24215,1.046631761,73.73582875,67.222
13,Italy,2001,13.874600703563548,6.608611689,20400.81111,1.047753849,89.11361067,67.282
13,Italy,2002,13.781739217418849,6.415517692,22196.50675,1.050516684,93.76876619,67.382
13,Italy,2003,14.03334978193715,6.916713968,27387.22632,1.052697326,97.63180194,67.501
13,Italy,2004,15.178740158872888,7.158357171,31174.56109,1.054874481,107.2746688,67.62
13,Italy,2005,14.53548066510468,6.948493038,31959.26295,1.055700365,121.5810991,67.738
13,Italy,2006,14.530947914336036,6.830542313,33410.74744,1.057684199,136.1174311,67.856
13,Italy,2007,14.575505443212185,6.808465542,37698.78665,1.059268788,151.4005806,67.974
13,Italy,2008,14.327190677394107,7.130022543,40640.18386,1.059630881,151.8275276,68.092
13,Italy,2009,13.735017876863544,6.859637085,36976.84553,1.059941385,150.9558833,68.209
13,Italy,2010,13.2852219264014,6.582261879,35849.3732,1.062639754,156.8163246,68.327
13,Italy,2011,12.909648408455192,6.373515561,38334.68385,1.065431441,160.7112234,68.444
13,Italy,2012,12.420230349375343,6.2745849,34814.12512,1.066199949,162.7028059,68.684
13,Italy,2013,11.69318618570417,5.811361806,35370.27526,1.065450473,162.3367752,68.979
15,Netherlands,1990,12.0378286076771,8.071301596,21019.12567,1.041970318,0.527882627,68.684
15,Netherlands,1991,12.357672724721892,8.049419233,21454.86289,1.041755569,0.763383152,69.329
15,Netherlands,1992,11.875202221466806,7.539983536,23598.95076,1.042334424,1.094563567,70.223
15,Netherlands,1993,11.563781871687716,7.158099825,22827.30004,1.043314698,1.414723049,71.1
15,Netherlands,1994,11.550101006567612,6.862696657,24331.75402,1.045103149,2.088603642,71.962
15,Netherlands,1995,10.864958069162027,5.847460072,28884.71352,1.045585778,3.484646962,72.809
15,Netherlands,1996,10.896573295798644,5.570285481,28698.66602,1.049298665,6.528197347,73.64
15,Netherlands,1997,11.286320528595823,6.037475341,26404.98673,1.045660093,10.96740917,74.453
15,Netherlands,1998,12.17837226361234,6.257081245,27533.60679,1.046468878,21.28207244,75.25
15,Netherlands,1999,13.687085498597838,6.7892505420000004,27951.73429,1.04660358,42.59701432,76.03
15,Netherlands,2000,15.953875117665516,7.417877204,25921.12794,1.049401839,67.53028408,76.795
15,Netherlands,2001,17.070929594716354,7.862441043,26584.12169,1.049913092,76.16377309,77.83
15,Netherlands,2002,17.27154976304349,7.653967307,28817.32321,1.051492597,75.10697312,79.113
15,Netherlands,2003,15.934949951621327,7.115475181,35245.16407,1.05269208,81.4766985,80.341
15,Netherlands,2004,14.497980532970567,6.335748257,39954.64222,1.049738998,90.86900361,81.514
15,Netherlands,2005,13.571152758383896,5.833776871,41577.16009,1.0442013510000001,96.74251327,82.63
15,Netherlands,2006,12.660139888996637,5.259227928,44453.97119,1.044776858,105.205392,83.636
15,Netherlands,2007,12.63994836647509,5.210457838,51241.31562,1.04585139,116.8288276,84.539
15,Netherlands,2008,12.325909942187119,5.197011644,56928.82048,1.0452854,124.4935189,85.402
15,Netherlands,2009,12.551676698194324,5.333023115,51900.34009,1.044463103,121.1829535,86.288
15,Netherlands,2010,12.898583151414732,5.111862302,50338.25483,1.046807001,114.9619098,87.134
15,Netherlands,2011,12.60580101399838,4.807689962,53540.60536,1.046585379,118.4758716,87.879
15,Netherlands,2012,11.851867822287382,4.523491256,49474.70561,1.049430095,117.4393259,88.588
15,Netherlands,2013,11.750307158229779,3.918803031,51574.48942,1.046727219,115.6018288,89.187
16,Norway,1990,36.720399794976935,16.87801128,28242.94374,1.044188877,4.6342075,71.956
16,Norway,1991,35.07618541621573,16.38238979,28596.933,1.042556262,5.490680227,72.265
16,Norway,1992,34.15537507142274,15.6466819,30523.98506,1.043533861,6.590703297,72.665
16,Norway,1993,33.20623424574857,14.73071325,27963.66522,1.043313097,8.603688669,73.061
16,Norway,1994,28.824522921693355,14.19412152,29315.84191,1.041924399,13.55435708,73.453
16,Norway,1995,28.449686577059847,13.38127599,34875.19739,1.045227834,22.47094398,73.787
16,Norway,1996,31.754256731352097,13.51495899,37321.44339,1.048257023,28.71352126,74.062
16,Norway,1997,31.751951029356142,12.73954627,36628.51742,1.045358055,37.93356593,74.476
16,Norway,1998,30.93376580352396,12.36631047,34788.77856,1.04791328,46.58811742,75.027
16,Norway,1999,30.595505704773164,11.68516759,36371.39579,1.048774459,59.54397895,75.569
16,Norway,2000,31.81658093516845,11.76622333,38146.71539,1.049755163,71.65452385,76.02
16,Norway,2001,30.005860444314212,11.11363864,38549.58934,1.050847066,79.43587924,76.378
16,Norway,2002,27.248221726019196,10.17525686,43061.15038,1.057986695,83.36964716,76.733
16,Norway,2003,25.83047777190731,9.210355499,50111.65445,1.05358895,88.85634163,77.084
16,Norway,2004,24.230949796074057,8.305654177,57570.26916,1.052609959,98.40233621,77.399
16,Norway,2005,23.914193108154212,8.198567042,66775.3944,1.054496474,102.6355658,77.675
16,Norway,2006,25.39745164366925,8.874990565,74114.69715,1.052785421,104.1909494,77.95
16,Norway,2007,26.340660436965848,9.214525623,85170.86217,1.050281002,106.737833,78.234
16,Norway,2008,27.476309031896452,9.383839305,97007.94189,1.056708422,109.2173612,78.526
16,Norway,2009,25.4163204575757,9.461717326,80067.17664,1.056089093,110.925095,78.815
16,Norway,2010,22.593867574415807,8.459343247,87770.26684,1.060556423,114.6014289,79.102
16,Norway,2011,19.885303514376997,7.131309904,100711.2248,1.067884984,115.7218204,79.455
16,Norway,2012,17.517656939972767,6.064506687,101668.1707,1.067866278,115.6722646,79.874
16,Norway,2013,15.775385842018338,5.644462162,103059.2482,1.063323019,112.1122467,80.286
19,Portugal,1990,39.80482095246786,24.29940066,7885.394019,1.028811995,0.065304797,47.915
19,Portugal,1991,38.67678024944545,23.61077269,8959.867208,1.027141723,0.126325984,48.469
19,Portugal,1992,36.90055873914873,22.52645383,10811.63064,1.027734198,0.37226352,49.13
19,Portugal,1993,36.72093190733255,22.41679816,9535.594849,1.029403793,1.007459376,49.789
19,Portugal,1994,34.60617768736848,21.12581734,9978.301937,1.030648416,1.717315573,50.449
19,Portugal,1995,33.296579023579454,20.32635482,11782.52148,1.032214183,3.358166494,51.109
19,Portugal,1996,33.607593723845426,20.51621802,12185.06389,1.031263062,6.511237694,51.77
19,Portugal,1997,33.95145027777599,20.72612999,11578.44151,1.031441515,14.72662057,52.428
19,Portugal,1998,33.557860463356036,20.48585767,12202.69141,1.031166607,29.93134148,53.086
19,Portugal,1999,34.13715277289438,20.83949463,12474.81808,1.034101017,45.29849909,53.743
19,Portugal,2000,35.45570985640426,21.64442595,11502.39681,1.036634324,64.3638406,54.399
19,Portugal,2001,33.309463175658315,20.33422013,11729.14616,1.04066631,76.71216134,55.044
19,Portugal,2002,33.96385839465571,20.73370469,12882.28897,1.043623603,83.0168098,55.666
19,Portugal,2003,32.382231830491044,19.768179,15772.7334,1.045476047,95.38092133,56.287
19,Portugal,2004,31.729485687388063,19.36970113,18045.5881,1.04595353,100.4068285,56.907
19,Portugal,2005,31.14861621007279,19.01510137,18784.9485,1.04603503,108.3438682,57.522
19,Portugal,2006,28.093211549624005,17.14988755,19821.44463,1.045470285,115.3442973,58.137
19,Portugal,2007,27.913262042098246,17.0400349,22780.05845,1.047411504,126.7851539,58.749
19,Portugal,2008,23.966060563429817,16.15119755,24815.60884,1.044166989,131.8912545,59.359
19,Portugal,2009,23.8479381261589,15.31701883,23063.97161,1.040514816,110.6416365,59.964
19,Portugal,2010,22.92668012855152,14.40516481,22538.65408,1.041530389,114.6264462,60.567
19,Portugal,2011,21.67158138814778,13.18153505,23196.18375,1.042018168,116.0867004,61.167
19,Portugal,2012,19.802306063564853,12.07154429,20577.40264,1.043824716,112.6230069,61.763
19,Portugal,2013,17.80460511201524,10.60124354,21618.73534,1.04245685,113.899737,62.352
9,Scotland,1990,56.392211710829564,31.22685211,NA,1.027393294,NA,NA
9,Scotland,1991,57.643977577256166,32.39644199,NA,1.030636124,NA,NA
9,Scotland,1992,55.60217661698564,32.2349899,NA,1.034485105,NA,NA
9,Scotland,1993,53.75310650436397,30.71024801,NA,1.031193674,NA,NA
9,Scotland,1994,54.662910947128985,28.38079799,NA,1.026024007,NA,NA
9,Scotland,1995,53.837651486242876,28.24060944,NA,1.025505392,NA,NA
9,Scotland,1996,58.03839623873579,29.84806675,NA,1.02627698,NA,NA
9,Scotland,1997,56.694843997715004,31.33563584,NA,1.025257413,NA,NA
9,Scotland,1998,58.074538115792556,30.73202226,NA,1.024943028,NA,NA
9,Scotland,1999,57.129758160029546,30.30147714,NA,1.024675283,NA,NA
9,Scotland,2000,55.628034849458736,29.30342257,NA,1.02295825,NA,NA
9,Scotland,2001,54.782964364231304,28.35662697,NA,1.026437716,NA,NA
9,Scotland,2002,53.624925104853205,26.79274185,NA,1.030351866,NA,NA
9,Scotland,2003,54.309596385274936,26.43767577,NA,1.032314855,NA,NA
9,Scotland,2004,55.773683680660426,26.35708355,NA,1.03164555,NA,NA
9,Scotland,2005,56.85862689120018,26.27367481,NA,1.029670959,NA,NA
9,Scotland,2006,57.59286552921486,25.89309102,NA,1.029844901,NA,NA
9,Scotland,2007,57.68472420762064,26.72445878,NA,1.029287885,NA,NA
9,Scotland,2008,54.61224690387262,26.33727083,NA,1.025233789,NA,NA
9,Scotland,2009,51.28345698865782,24.41572106,NA,1.023159505,NA,NA
9,Scotland,2010,48.48684853818324,22.91874874,NA,1.026183808,NA,NA
9,Scotland,2011,43.842702231085624,20.90554534,NA,1.03232724,NA,NA
9,Scotland,2012,41.700347716745576,19.45020137,NA,1.041408764,NA,NA
9,Scotland,2013,38.01833517644827,17.90647727,NA,1.048737427,NA,NA
5,Spain,1990,14.994442866655236,11.91540913,13767.38147,1.049910358,0.139164143,75.351
5,Spain,1991,14.303235152544978,10.96372681,14771.6723,1.047528342,0.275233991,75.528
5,Spain,1992,13.75023540103214,9.954083378,16068.42672,1.046335052,0.456266401,75.61
5,Spain,1993,12.8454434089623,9.01279449,13303.67613,1.046563884,0.64901579,75.692
5,Spain,1994,12.142411497879301,8.038754508,13378.84984,1.04833951,1.035922387,75.774
5,Spain,1995,11.793627230042288,7.460931204,15429.93942,1.049313398,2.368872407,75.856
5,Spain,1996,11.80214749703611,7.125680078,16069.20709,1.050099435,7.492366029,75.938
5,Spain,1997,12.22175173412978,7.45259507,14696.21611,1.05123482,10.80869022,76.019
5,Spain,1998,12.859649056113557,7.496114974,15340.33211,1.050556794,15.97672349,76.1
5,Spain,1999,14.450343719869466,8.171458967,15678.21523,1.049988882,37.00989274,76.181
5,Spain,2000,15.603515957842795,8.615303176,14676.70609,1.051505459,59.32239009,76.262
5,Spain,2001,17.39898791609604,9.494124785,15323.6114,1.0528327,71.64586201,76.343
5,Spain,2002,18.72982778032609,9.84029023,17019.53541,1.052424002,79.86324095,76.533
5,Spain,2003,19.982949934886538,10.61396481,21495.70741,1.053953965,87.26111814,76.778
5,Spain,2004,21.25435752154522,10.7797844,24918.64584,1.054869337,89.09134015,77.022
5,Spain,2005,22.79528795626749,11.42896467,26510.71745,1.056769857,96.93815529,77.263
5,Spain,2006,24.506156392052162,12.12475505,28482.60948,1.057617093,102.1677305,77.502
5,Spain,2007,26.68836743453999,12.99989269,32709.40104,1.059803799,106.6718542,77.74
5,Spain,2008,26.652994818855422,13.37892196,35579.30993,1.061108362,107.8819694,77.976
5,Spain,2009,24.346387084988486,11.83917845,32334.00548,1.062612159,109.8472629,78.21
5,Spain,2010,22.267263668352378,10.64013029,30736.62785,1.063624789,109.8331304,78.442
5,Spain,2011,23.1001029162062,9.578339983,31835.2888,1.06396182,112.1114334,78.673
5,Spain,2012,21.908869522196998,9.04858237,28563.85904,1.060841105,108.1261331,78.902
5,Spain,2013,20.609249093832354,8.45946743,29211.77375,1.060268473,107.4118145,79.133
21,Sweden,1990,38.51646702798075,13.96325877,30162.31577,1.048104909,5.383206823,83.1
21,Sweden,1991,35.26146952492489,12.88616674,31374.11699,1.048751391,6.587721447,83.204
21,Sweden,1992,31.21741979684847,11.34163415,32338.50395,1.048643174,7.551741517,83.361
21,Sweden,1993,29.2064925424533,10.69080835,24080.89967,1.051139103,8.854691146,83.516
21,Sweden,1994,27.114635066323004,9.524108883,25747.24169,1.05155749,15.69633179,83.671
21,Sweden,1995,25.326440804199585,8.528904176,29914.33175,1.051057304,22.72413489,83.824
21,Sweden,1996,25.365442923705313,7.707597084,32587.2641,1.051378583,28.12897927,83.914
21,Sweden,1997,25.042341139302348,7.234635052,29897.79263,1.049771195,35.7317908,83.942
21,Sweden,1998,25.181631645719367,6.690081954,30143.62746,1.050367343,46.3202616,83.97
21,Sweden,1999,26.002312402292862,6.977918187,30577.08177,1.051910989,57.77011417,83.998
21,Sweden,2000,28.51035240945459,7.263991531,29283.00505,1.054976689,71.74688458,84.026
21,Sweden,2001,29.772116660732205,6.854303564,26969.24457,1.057828634,80.67169016,84.071
21,Sweden,2002,32.78180923194182,6.96682916,29571.70446,1.060518126,89.10741698,84.133
21,Sweden,2003,31.846641416093377,6.377058051,36961.42537,1.056991575,98.31957425,84.196
21,Sweden,2004,31.0655563944169,6.218318004,42442.22045,1.05777234,97.71274322,84.258
21,Sweden,2005,31.031299643639173,6.196957337,43085.35315,1.056219856,100.7233071,84.319
21,Sweden,2006,32.08752578982963,6.230754179,46256.4716,1.054192113,105.6147887,84.43
21,Sweden,2007,31.28222984960785,6.131754796,53324.37937,1.055155947,110.4068942,84.588
21,Sweden,2008,30.525737196068288,6.078634247,55746.84238,1.059712882,108.4131131,84.746
21,Sweden,2009,28.414031192548695,5.932423631,46207.0592,1.057925352,112.0956103,84.902
21,Sweden,2010,26.442570896748055,5.867539176,52076.25591,1.056321291,117.0629429,85.056
21,Sweden,2011,25.140548079259464,5.741751018,59593.28711,1.059058486,121.0055217,85.297
21,Sweden,2012,23.60504575672443,5.222386025,57134.07707,1.059664543,124.1857719,85.62
21,Sweden,2013,20.017403150992156,5.214781056,60283.24522,1.061909092,124.9512155,85.936
1,Switzerland,1990,15.550043576702738,6.81820337,38428.3855,1.055105118,1.873394168,73.926
1,Switzerland,1991,17.862190587878747,7.832006866,38399.21061,1.054321746,2.589455767,73.869
1,Switzerland,1992,16.412206089122677,7.196234423,39534.542,1.051706277,3.155526562,73.815
1,Switzerland,1993,15.234378940466014,6.6797943890000004,38100.73673,1.053571337,3.739378374,73.762
1,Switzerland,1994,13.568228606692793,5.949240049,41843.75688,1.055121002,4.771619748,73.708
1,Switzerland,1995,12.625158808638439,5.535733705,48662.43977,1.050707114,6.371238971,73.654
1,Switzerland,1996,12.891859357113923,5.652673479,46676.85094,1.050766342,9.385310344,73.6
1,Switzerland,1997,12.849018749236068,5.633889224,40417.96228,1.05766301,14.72664421,73.546
1,Switzerland,1998,13.024539364450781,5.710849475,41497.20261,1.055986834,23.87258864,73.492
1,Switzerland,1999,13.859809287340937,6.077088976,40581.30705,1.056028689,42.83146907,73.438
1,Switzerland,2000,13.785198746824467,6.044374608,37868.32306,1.063036409,64.71825317,73.383
1,Switzerland,2001,12.334400577988188,5.408245397,38538.99005,1.059462849,73.24755976,73.375
1,Switzerland,2002,12.798826347822322,5.61188144,41376.39399,1.046368147,79.18789483,73.401
1,Switzerland,2003,12.093909827734073,5.302797792,48087.58314,1.050806503,84.87507976,73.427
1,Switzerland,2004,12.315516946700406,5.39996552,53340.14766,1.050737963,85.4029135,73.452
1,Switzerland,2005,11.743735976315113,5.149257609,54952.67372,1.048549468,92.22603163,73.478
1,Switzerland,2006,10.4852832635669,4.59746581,57579.50195,1.051246853,99.39516725,73.504
1,Switzerland,2007,9.728672022488942,4.377443077,63555.2375,1.053994589,108.57798,73.53
1,Switzerland,2008,9.330592142421436,4.29252423,72487.84593,1.054176174,116.3559314,73.556
1,Switzerland,2009,9.282730872973632,4.118140567,69927.46877,1.055159629,120.4909656,73.581
1,Switzerland,2010,8.666380498384655,3.922011612,74605.72102,1.055459413,123.1383135,73.607
1,Switzerland,2011,8.095713766799856,3.341808936,88415.62806,1.050576644,127.1387232,73.631
1,Switzerland,2012,7.934291430690553,3.429188853,83538.23008,1.050618307,131.49289,73.653
1,Switzerland,2013,7.071755611989546,3.040020761,85112.4644,1.051569133,135.8549107,73.674
22,United States of America,1990,101.60502994528603,60.94161798,23954.47935,1.052187416,2.092050864,75.3
22,United States of America,1991,99.6497625326908,62.26406093,24405.16481,1.053699223,2.963880131,75.701
22,United States of America,1992,97.30833365470282,61.60065596,25492.95165,1.055061224,4.285325262,76.097
22,United States of America,1993,95.40893324280803,60.80781147,26464.85251,1.056305189,6.157006979,76.488
22,United States of America,1994,92.76365938815489,60.29130462,27776.63553,1.056987645,9.18561207,76.875
22,United States of America,1995,88.4027480888787,58.10105726,28782.17502,1.057525665,12.71768704,77.257
22,United States of America,1996,84.89419065852543,55.44886059,30068.23092,1.05790955,16.38483296,77.636
22,United States of America,1997,80.84741522580009,52.96410686,31572.69023,1.058064825,20.32519807,78.008
22,United States of America,1998,78.32450828206909,51.83127065,32949.19776,1.057961074,25.1174665,78.377
22,United States of America,1999,75.21238710203686,49.97800756,34620.9289,1.05768295,30.85645141,78.742
22,United States of America,2000,73.06070091368079,48.65911377,36449.85512,1.058451034,38.82436785,79.057
22,United States of America,2001,68.81955031797179,45.88995456,37273.6181,1.061917057,45.11108352,79.234
22,United States of America,2002,65.06568619873794,43.49711154,38166.03784,1.064608406,49.32056453,79.409
22,United States of America,2003,62.86662796879071,41.97940984,39677.19835,1.063311528,55.38679309,79.583
22,United States of America,2004,61.50728176653167,41.50117056,41921.80976,1.061042381,63.17748926,79.757
22,United States of America,2005,59.99146531201843,40.73341716,44307.92058,1.059657349,69.02054837,79.928
22,United States of America,2006,61.4063154521916,42.00018341,46437.06712,1.058468931,77.09164231,80.099
22,United States of America,2007,60.97279948451296,42.28461638,48061.53766,1.05711782,82.93546295,80.269
22,United States of America,2008,59.06621730497238,40.89628267,48401.42734,1.055985214,86.13129085,80.438
22,United States of America,2009,54.9469470527237,38.38217701,47001.55535,1.054799682,89.61260458,80.606
22,United States of America,2010,49.5401842911036,34.5966229,48375.40695,1.053858822,92.37840689,80.772
22,United States of America,2011,44.84326760335935,31.41277034,49793.71352,1.054391219,95.61250193,80.944
22,United States of America,2012,41.299623894968086,29.49719469,51450.95911,1.05407323,97.28807458,81.119
22,United States of America,2013,37.2054912266687,26.62444205,52782.08651,1.051607933,98.46652501,81.299
20,New Zealand,1990,50.01931421819151,NA,NA,NA,NA,NA
20,New Zealand,1991,50.133301877143914,NA,NA,NA,NA,NA
20,New Zealand,1992,48.42901457719691,NA,NA,NA,NA,NA
20,New Zealand,1993,48.305090850168874,NA,NA,NA,NA,NA
20,New Zealand,1994,49.58479715371198,NA,NA,NA,NA,NA
20,New Zealand,1995,53.12734890527613,NA,NA,NA,NA,NA
20,New Zealand,1996,55.31401667465075,NA,NA,NA,NA,NA
20,New Zealand,1997,55.08683206085289,NA,NA,NA,NA,NA
20,New Zealand,1998,50.817665493789235,NA,NA,NA,NA,NA
20,New Zealand,1999,50.57485980898316,NA,NA,NA,NA,NA
20,New Zealand,2000,51.78005049209372,NA,NA,NA,NA,NA
20,New Zealand,2001,51.86432045317614,NA,NA,NA,NA,NA
20,New Zealand,2002,52.22033670874948,NA,NA,NA,NA,NA
20,New Zealand,2003,52.83179618231263,NA,NA,NA,NA,NA
20,New Zealand,2004,53.28862141482962,NA,NA,NA,NA,NA
20,New Zealand,2005,52.61034833098724,NA,NA,NA,NA,NA
20,New Zealand,2006,54.76412836811356,NA,NA,NA,NA,NA
20,New Zealand,2007,58.83245152368504,NA,NA,NA,NA,NA
20,New Zealand,2008,59.66632171174441,NA,NA,NA,NA,NA
20,New Zealand,2009,54.56956064320956,NA,NA,NA,NA,NA
20,New Zealand,2010,50.77702069505473,NA,NA,NA,NA,NA
20,New Zealand,2011,43.96011585783876,NA,NA,NA,NA,NA
20,New Zealand,2012,40.85153478076885,NA,NA,NA,NA,NA
20,New Zealand,2013,35.36565195390478,NA,NA,NA,NA,NA
