Code,Country,Year,rate,GDPperCap,MF_ratio,MobilePhones,UrbanPop
5,Denmark,1990,2.936693803,26891.44164,1.041253113,2.883032183,84.843
5,Denmark,1991,2.648832447,27011.38589,1.038915294,3.413116199,84.871
5,Denmark,1992,3.080488629,29569.65453,1.042190141,4.081153984,84.898
5,Denmark,1993,2.901617047,27597.97148,1.044844088,6.888976566,84.925
5,Denmark,1994,2.710888028,29995.56522,1.050384395,9.661633662,84.952
5,Denmark,1995,2.185780465,35351.38071,1.045651276,15.71394063,84.979
5,Denmark,1996,2.300961315,35650.72434,1.044824496,25.05474932,85.006
5,Denmark,1997,2.342109514,32835.92877,1.040358124,27.36064934,85.033
5,Denmark,1998,2.496088665,33368.15485,1.041896072,36.4332626,85.06
5,Denmark,1999,2.333679064,33440.80162,1.041450585,49.39302195,85.086
5,Denmark,2000,2.358402741,30743.55917,1.045194444,62.97378451,85.1
5,Denmark,2001,2.059403999,30751.64946,1.04111453,73.91039895,85.15
5,Denmark,2002,1.537581349,33228.69291,1.046806837,83.34111016,85.25
5,Denmark,2003,1.641978759,40458.77064,1.052554966,88.4931932,85.36
5,Denmark,2004,1.850380293,46511.60457,1.059075945,95.63465791,85.566
5,Denmark,2005,1.944285777,48799.82037,1.057900171,100.5072946,85.856
5,Denmark,2006,1.86937603,52026.99311,1.056176334,107.0505628,86.098
5,Denmark,2007,1.665005088,58487.04501,1.053064329,115.3208334,86.293
5,Denmark,2008,1.95980402,64322.06664,1.055464454,119.2657784,86.487
5,Denmark,2009,1.679170431,58163.29359,1.053487961,123.654185,86.654
5,Denmark,2010,1.599877375,58041.41122,1.051981645,115.5890246,86.795
5,Denmark,2011,1.425462563,61753.66007,1.052143421,128.4855486,86.957
5,Denmark,2012,1.293501108,58507.50021,1.052776747,129.9803588,87.142
5,Denmark,2013,1.160081592,61191.19263,1.056292959,124.714087,87.292
12,England and Wales,1990,16.3858363,19095.467,1.053864925,1.948120161,78.14
12,England and Wales,1991,16.38428455,19900.72665,1.053285156,2.197440097,78.112
12,England and Wales,1992,15.89954599,20487.17079,1.05050874,2.621118549,78.172
12,England and Wales,1993,16.18439056,18389.01957,1.047853986,3.934052718,78.232
12,England and Wales,1994,15.07830928,19709.2381,1.04664994,6.815338962,78.293
12,England and Wales,1995,15.28526949,23013.45882,1.044455728,9.892982241,78.353
12,England and Wales,1996,16.83279319,24219.62285,1.042036491,12.46348124,78.413
12,England and Wales,1997,16.88539648,26621.48006,1.041226006,15.15253492,78.472
12,England and Wales,1998,16.79017363,28014.8947,1.0417628,25.41295714,78.532
12,England and Wales,1999,16.0922518,28383.66891,1.044904988,46.27491764,78.591
12,England and Wales,2000,15.17221575,27982.35576,1.050177687,73.70886336,78.651
12,England and Wales,2001,14.41883733,27427.5875,1.054994929,78.24769922,78.751
12,England and Wales,2002,13.9722645,29785.98629,1.055222741,82.94670337,79.047
12,England and Wales,2003,13.73635445,34173.97998,1.046666403,91.06414709,79.339
12,England and Wales,2004,13.64477963,39983.98467,1.035899623,99.67234557,79.629
12,England and Wales,2005,13.20783327,41732.64054,1.034381551,108.6004149,79.915
12,England and Wales,2006,12.96765627,44252.31582,1.043590786,115.254437,80.199
12,England and Wales,2007,12.35622681,50134.3161,1.049494313,120.2257083,80.479
12,England and Wales,2008,12.18888302,46767.59222,1.045263607,120.7240644,80.757
12,England and Wales,2009,11.5851316,38262.18213,1.041477829,121.9353861,81.031
12,England and Wales,2010,10.80805263,38893.01849,1.046716218,121.2030538,81.302
12,England and Wales,2011,9.512228668,41412.34924,1.05496036,120.9215205,81.57
12,England and Wales,2012,9.181896507,41790.77914,1.057163906,121.9127668,81.837
12,England and Wales,2013,7.927749284,42724.06788,1.056468622,121.7088908,82.102
8,Finland,1990,4.22463483,28380.54891,1.051748883,5.161339908,79.367
8,Finland,1991,4.269978594,25503.21521,1.049745808,6.358419047,79.843
8,Finland,1992,4.112180061,22337.48712,1.046922582,7.651669747,80.128
8,Finland,1993,3.612217246,17617.03044,1.048943454,9.644999033,80.409
8,Finland,1994,2.891054085,20305.58355,1.045800106,13.25391689,80.688
8,Finland,1995,2.9109196,26273.4659,1.040544206,20.29937459,80.963
8,Finland,1996,3.231306837,25777.6413,1.042943752,29.23903329,81.223
8,Finland,1997,2.565612382,24676.49708,1.041817379,41.97749656,81.466
8,Finland,1998,2.6458108,25989.4075,1.051189783,55.10944297,81.707
8,Finland,1999,2.770608697,26178.79178,1.049291536,63.24342736,81.946
8,Finland,2000,3.56131121,24253.25042,1.048371105,71.87081844,82.183
8,Finland,2001,3.592212084,24913.24452,1.042696006,80.29235384,82.368
8,Finland,2002,3.776658768,26834.02625,1.043754232,86.6381899,82.503
8,Finland,2003,3.355061266,32816.16088,1.046412171,90.81753315,82.638
8,Finland,2004,3.399038305,37636.11173,1.047292384,95.15116311,82.772
8,Finland,2005,2.98966867,38969.17163,1.044961605,100.2105563,82.905
8,Finland,2006,2.971675568,41120.67651,1.044782943,107.4358085,83.037
8,Finland,2007,2.777777778,48288.5491,1.042510288,114.7599836,83.168
8,Finland,2008,2.362148846,53401.31487,1.042143574,128.3858236,83.299
8,Finland,2009,2.126036316,47107.15571,1.038533137,144.1233426,83.429
8,Finland,2010,2.290752487,46202.41516,1.037578522,156.361179,83.77
8,Finland,2011,1.792356068,50790.72415,1.037059293,165.8860374,84.313
8,Finland,2012,2.107582,47415.55987,1.041749187,172.178726,84.841
8,Finland,2013,1.939462616,49638.07713,1.041208133,136.3200932,85.125
9,France,1990,4.229987153,21690.62912,1.049749544,0.497183723,74.056
9,France,1991,4.219142408,21675.06425,1.047909151,0.655162571,74.229
9,France,1992,4.167623945,23813.71184,1.049630662,0.759518231,74.401
9,France,1993,3.881482946,22380.10396,1.048952457,0.990565041,74.572
9,France,1994,3.652478592,23496.52332,1.048614674,1.522658967,74.743
9,France,1995,3.498526485,26890.21988,1.047554145,2.236359799,74.912
9,France,1996,3.553821612,26871.82902,1.045825733,4.20976597,75.082
9,France,1997,3.560300716,24228.94235,1.048090232,9.899530141,75.25
9,France,1998,3.537208072,24974.2722,1.048284204,18.9889303,75.417
9,France,1999,3.7075089,24673.19897,1.048101215,36.13436735,75.614
9,France,2000,3.960668654,22364.02939,1.042317732,48.73886397,75.871
9,France,2001,4.30149922,22433.55571,1.03952957,61.75367525,76.127
9,France,2002,3.95595145,24177.33517,1.040410014,64.06849532,76.38
9,France,2003,3.812815731,29568.38595,1.041528011,68.87189627,76.632
9,France,2004,3.842327323,33741.26515,1.043872609,73.1589461,76.883
9,France,2005,3.609053554,34760.18777,1.043641694,78.53166302,77.13
9,France,2006,3.622360596,36443.62344,1.0444061,83.87657249,77.377
9,France,2007,3.657331648,41508.43269,1.049049801,89.34353008,77.621
9,France,2008,3.63698422,45334.11091,1.049314789,93.00882838,77.868
9,France,2009,3.622933927,41575.41618,1.047136371,92.39159417,78.117
9,France,2010,3.664455414,40638.334,1.048489259,91.68330775,78.369
9,France,2011,3.578615524,43790.7354,1.050471289,94.43104231,78.622
9,France,2012,3.834494606,40874.71596,1.047506678,97.83174772,78.878
9,France,2013,3.544100742,42592.95152,1.049654924,99.06771312,79.135
4,Germany,1990,7.07019383,22219.57253,1.053650696,0.344558605,73.118
4,Germany,1991,7.307153886,23269.3818,1.054610568,0.668955763,73.269
4,Germany,1992,6.990941134,26333.53744,1.053800295,1.214161974,73.36
4,Germany,1993,6.206254991,25488.51952,1.057589067,2.203646375,73.497
4,Germany,1994,5.808149844,27087.55845,1.056168484,3.077311214,73.71
4,Germany,1995,5.537837953,31729.69976,1.05431331,4.585145625,73.922
4,Germany,1996,5.699682126,30564.24781,1.051433866,6.769308559,74.133
4,Germany,1997,5.646703933,27045.71913,1.049313479,10.15461792,74.342
4,Germany,1998,5.605228803,27340.67288,1.04987561,17.07132651,74.551
4,Germany,1999,5.680696533,26795.99113,1.052213549,28.77459027,74.758
4,Germany,2000,5.799580296,23718.7467,1.052993531,59.15244421,74.965
4,Germany,2001,6.161390967,23687.31689,1.050496094,68.83597997,75.17
4,Germany,2002,6.177532047,25205.16445,1.050573912,72.45024706,75.374
4,Germany,2003,5.757320915,30359.95215,1.050860428,79.32767834,75.577
4,Germany,2004,5.348789507,34165.93403,1.052054598,87.280701,75.779
4,Germany,2005,5.076440603,34696.62092,1.051570858,97.06110232,75.98
4,Germany,2006,4.752998169,36447.87232,1.049922602,105.042469,76.179
4,Germany,2007,4.655167512,41814.8191,1.048165213,118.3029902,76.378
4,Germany,2008,4.694325646,45699.19832,1.047886059,130.0651266,76.575
4,Germany,2009,4.219610865,41732.70725,1.048310743,129.6846864,76.771
4,Germany,2010,4.1560978,41785.55691,1.050039747,109.2777489,76.966
4,Germany,2011,3.856220838,46810.32796,1.052862374,112.3137649,77.16
4,Germany,2012,3.811152869,44065.24891,1.054127938,113.9808799,77.17
4,Germany,2013,3.705923199,46530.91143,1.054117133,123.0958333,77.18
14,Iceland,1990,13.20754717,25008.84946,1.050786164,3.924828362,90.75
14,Iceland,1991,13.41305753,26405.91589,1.051228184,5.003027668,90.932
14,Iceland,1992,11.62409954,26722.44119,1.043876883,5.86236455,91.112
14,Iceland,1993,9.58677686,23230.4718,1.030909091,6.628061038,91.287
14,Iceland,1994,9.563758389,23662.80668,1.040771812,8.239105673,91.46
14,Iceland,1995,10.92985318,26239.0273,1.033115824,11.53948189,91.63
14,Iceland,1996,8.781558727,27261.17166,1.0439077939999999,17.32555987,91.797
14,Iceland,1997,10.95848125,27842.61347,1.054638061,23.96987265,91.96
14,Iceland,1998,11.08162947,30847.6437,1.065085063,37.87922818,92.121
14,Iceland,1999,9.835025381,32148.15015,1.055203046,62.12041602,92.267
14,Iceland,2000,7.998720205,31746.02314,1.043353064,76.62952199,92.401
14,Iceland,2001,8.123476848,28551.78527,0.998537774,87.70762123,92.532
14,Iceland,2002,7.08143652,32024.1856,1.013319845,91.27638621,92.662
14,Iceland,2003,6.105834464,39086.77319,1.038331072,97.12382619,92.789
14,Iceland,2004,3.411306043,46984.06654,1.078135153,99.64411344,92.914
14,Iceland,2005,4.329004329,56250.68281,1.069882498,95.97564572,93.037
14,Iceland,2006,4.795814562,56121.32242,1.048684784,100.731997,93.159
14,Iceland,2007,6.130491899,68428.34821,1.043789228,106.8473132,93.278
14,Iceland,2008,4.35413643,55632.10432,1.062264151,108.3754712,93.395
14,Iceland,2009,5.062924924,40640.9902,1.053667004,107.4754972,93.511
14,Iceland,2010,5.478662053,41851.73548,1.0455594,106.4774231,93.574
14,Iceland,2011,3.25732899,46181.95294,1.04693515,106.3901824,93.587
14,Iceland,2012,3.947168666,44562.81802,1.059814787,108.167704,93.6
14,Iceland,2013,2.955818295,48023.62691,1.067828251,108.9395742,93.633
15,Italy,1990,3.461951557,20757.08868,1.042517348,0.465628234,66.726
15,Italy,1991,3.051377852,21884.10437,1.039554258,0.993832013,66.706
15,Italy,1992,2.903478314,23166.80406,1.038336824,1.369147121,66.742
15,Italy,1993,3.20929561,18676.95258,1.038839114,2.109463097,66.802
15,Italy,1994,3.067498228,19273.84417,1.039587725,3.912570332,66.862
15,Italy,1995,3.081843803,20596.38858,1.040652624,6.851780239,66.922
15,Italy,1996,3.054853849,23020.09994,1.043026763,11.22145209,66.982
15,Italy,1997,3.101870493,21779.62437,1.04368579,20.52622947,67.042
15,Italy,1998,2.743918665,22252.35809,1.044070044,35.84903924,67.102
15,Italy,1999,3.047042903,21936.82313,1.046628232,52.98357088,67.162
15,Italy,2000,3.038040593,20051.24215,1.049787902,73.73582875,67.222
15,Italy,2001,2.92762033,20400.81111,1.050952991,89.11361067,67.282
15,Italy,2002,2.820059782,22196.50675,1.050951465,93.76876619,67.382
15,Italy,2003,2.973014825,27387.22632,1.053222987,97.63180194,67.501
15,Italy,2004,3.149007738,31174.56109,1.057353975,107.2746688,67.62
15,Italy,2005,3.034289994,31959.26295,1.057649162,121.5810991,67.738
15,Italy,2006,2.776326498,33410.74744,1.056837545,136.1174311,67.856
15,Italy,2007,2.74313976,37698.78665,1.056961374,151.4005806,67.974
15,Italy,2008,2.931116079,40640.18386,1.057653164,151.8275276,68.092
15,Italy,2009,2.85501221,36976.84553,1.059491597,150.9558833,68.209
15,Italy,2010,2.628636814,35849.3732,1.061784715,156.8163246,68.327
15,Italy,2011,2.610271035,38334.68385,1.065974499,160.7112234,68.444
15,Italy,2012,2.581899313,34814.12512,1.066763103,162.7028059,68.684
15,Italy,2013,2.329876536,35370.27526,1.065258509,162.3367752,68.979
17,Netherlands,1990,3.239101064,21019.12567,1.041483507,0.527882627,68.684
17,Netherlands,1991,3.18215272,21454.86289,1.044884556,0.763383152,69.329
17,Netherlands,1992,2.905558542,23598.95076,1.050380642,1.094563567,70.223
17,Netherlands,1993,2.569605828,22827.30004,1.049547134,1.414723049,71.1
17,Netherlands,1994,2.659402563,24331.75402,1.050680402,2.088603642,71.962
17,Netherlands,1995,2.19074047,28884.71352,1.046990447,3.484646962,72.809
17,Netherlands,1996,2.01239272,28698.66602,1.049570879,6.528197347,73.64
17,Netherlands,1997,2.188863464,26404.98673,1.047357501,10.96740917,74.453
17,Netherlands,1998,2.32677875,27533.60679,1.049373597,21.28207244,75.25
17,Netherlands,1999,2.628356312,27951.73429,1.049632732,42.59701432,76.03
17,Netherlands,2000,3.033424538,25921.12794,1.054380267,67.53028408,76.795
17,Netherlands,2001,3.45745802,26584.12169,1.052916314,76.16377309,77.83
17,Netherlands,2002,2.998020399,28817.32321,1.049945489,75.10697312,79.113
17,Netherlands,2003,2.698738447,35245.16407,1.050022841,81.4766985,80.341
17,Netherlands,2004,2.323928449,39954.64222,1.048551639,90.86900361,81.514
17,Netherlands,2005,2.130985117,41577.16009,1.047679306,96.74251327,82.63
17,Netherlands,2006,1.946324363,44453.97119,1.046325391,105.205392,83.636
17,Netherlands,2007,1.972086395,51241.31562,1.045861925,116.8288276,84.539
17,Netherlands,2008,1.809125177,56928.82048,1.04881127,124.4935189,85.402
17,Netherlands,2009,1.947832792,51900.34009,1.046590667,121.1829535,86.288
17,Netherlands,2010,1.651597964,50338.25483,1.048550169,114.9619098,87.134
17,Netherlands,2011,1.620765009,53540.60536,1.047621178,118.4758716,87.879
17,Netherlands,2012,1.627270578,49474.70561,1.051903391,117.4393259,88.588
17,Netherlands,2013,1.37160013,51574.48942,1.049005714,115.6018288,89.187
18,Norway,1990,5.126312122,28242.94374,1.044644802,4.6342075,71.956
18,Norway,1991,4.738071745,28596.933,1.04290429,5.490680227,72.265
18,Norway,1992,4.698356821,30523.98506,1.038959045,6.590703297,72.665
18,Norway,1993,4.682447677,27963.66522,1.044725328,8.603688669,73.061
18,Norway,1994,4.510521266,29315.84191,1.048736808,13.55435708,73.453
18,Norway,1995,4.114902417,34875.19739,1.048959545,22.47094398,73.787
18,Norway,1996,4.033413812,37321.44339,1.053826191,28.71352126,74.062
18,Norway,1997,4.185446524,36628.51742,1.046593826,37.93356593,74.476
18,Norway,1998,3.987407235,34788.77856,1.050745999,46.58811742,75.027
18,Norway,1999,3.6275733,36371.39579,1.051634955,59.54397895,75.569
18,Norway,2000,3.943608827,38146.71539,1.057445092,71.65452385,76.02
18,Norway,2001,3.465666489,38549.58934,1.056065306,79.43587924,76.378
18,Norway,2002,3.36915047,43061.15038,1.057005398,83.36964716,76.733
18,Norway,2003,2.931985294,50111.65445,1.054140998,88.85634163,77.084
18,Norway,2004,2.427604677,57570.26916,1.053970683,98.40233621,77.399
18,Norway,2005,2.502725593,66775.3944,1.050965721,102.6355658,77.675
18,Norway,2006,2.541421818,74114.69715,1.053605355,104.1909494,77.95
18,Norway,2007,2.98407929,85170.86217,1.054366036,106.737833,78.234
18,Norway,2008,3.007213706,97007.94189,1.06000687,109.2173612,78.526
18,Norway,2009,2.607235142,80067.17664,1.059270026,110.925095,78.815
18,Norway,2010,2.651169808,87770.26684,1.062989665,114.6014289,79.102
18,Norway,2011,2.013645663,100711.2248,1.063611923,115.7218204,79.455
18,Norway,2012,1.898791909,101668.1707,1.064572926,115.6722646,79.874
18,Norway,2013,1.825607041,103059.2482,1.063178667,112.1122467,80.286
20,Portugal,1990,12.33192779,7885.394019,1.025974116,0.065304797,47.915
20,Portugal,1991,12.48815381,8959.867208,1.030088437,0.126325984,48.469
20,Portugal,1992,11.46633197,10811.63064,1.031405661,0.37226352,49.13
20,Portugal,1993,12.48831724,9535.594849,1.034385017,1.007459376,49.789
20,Portugal,1994,11.72315432,9978.301937,1.033846245,1.717315573,50.449
20,Portugal,1995,10.9668743,11782.52148,1.033042062,3.358166494,51.109
20,Portugal,1996,11.16063518,12185.06389,1.033326518,6.511237694,51.77
20,Portugal,1997,12.01984668,11578.44151,1.032898579,14.72662057,52.428
20,Portugal,1998,11.6044135,12202.69141,1.033157754,29.93134148,53.086
20,Portugal,1999,11.83597848,12474.81808,1.038448463,45.29849909,53.743
20,Portugal,2000,12.90682859,11502.39681,1.04221083,64.3638406,54.399
20,Portugal,2001,12.02137252,11729.14616,1.048350946,76.71216134,55.044
20,Portugal,2002,12.71960041,12882.28897,1.04735403,83.0168098,55.666
20,Portugal,2003,12.02858158,15772.7334,1.0465565,95.38092133,56.287
20,Portugal,2004,11.9559068,18045.5881,1.046927677,100.4068285,56.907
20,Portugal,2005,11.31684146,18784.9485,1.047271081,108.3438682,57.522
20,Portugal,2006,9.928896121,19821.44463,1.046530001,115.3442973,58.137
20,Portugal,2007,9.961275492,22780.05845,1.047860427,126.7851539,58.749
20,Portugal,2008,9.402045403,24815.60884,1.044727778,131.8912545,59.359
20,Portugal,2009,8.799519384,23063.97161,1.041859561,110.6416365,59.964
20,Portugal,2010,8.560418883,22538.65408,1.04298244,114.6264462,60.567
20,Portugal,2011,7.466028649,23196.18375,1.049986197,116.0867004,61.167
20,Portugal,2012,6.855986813,20577.40264,1.056109196,112.6230069,61.763
20,Portugal,2013,6.039684021,21618.73534,1.047863407,113.899737,62.352
11,Scotland,1990,16.71994557,NA,1.037040506,NA,NA
11,Scotland,1991,17.32462569,NA,1.036983329,NA,NA
11,Scotland,1992,17.54783688,NA,1.03645049,NA,NA
11,Scotland,1993,17.29603495,NA,1.035814292,NA,NA
11,Scotland,1994,15.4906833,NA,1.03536195,NA,NA
11,Scotland,1995,16.73285862,NA,1.033965166,NA,NA
11,Scotland,1996,17.79517083,NA,1.03511633,NA,NA
11,Scotland,1997,18.77815804,NA,1.034791111,NA,NA
11,Scotland,1998,18.47878743,NA,1.030922437,NA,NA
11,Scotland,1999,17.39459966,NA,1.028618866,NA,NA
11,Scotland,2000,15.82474701,NA,1.028030299,NA,NA
11,Scotland,2001,15.06377299,NA,1.035017752,NA,NA
11,Scotland,2002,14.5843696,NA,1.0397083,NA,NA
11,Scotland,2003,14.31832034,NA,1.041161388,NA,NA
11,Scotland,2004,13.68591439,NA,1.041842111,NA,NA
11,Scotland,2005,13.63764135,NA,1.040162695,NA,NA
11,Scotland,2006,13.93056621,NA,1.039177752,NA,NA
11,Scotland,2007,14.21956424,NA,1.035065996,NA,NA
11,Scotland,2008,13.55000365,NA,1.026442182,NA,NA
11,Scotland,2009,12.94699338,NA,1.024010346,NA,NA
11,Scotland,2010,11.9588894,NA,1.035461331,NA,NA
11,Scotland,2011,11.12195654,NA,1.053597622,NA,NA
11,Scotland,2012,9.334876868,NA,1.063460324,NA,NA
11,Scotland,2013,9.208430861,NA,1.062234716,NA,NA
6,Spain,1990,5.815738225,13767.38147,1.048453403,0.139164143,75.351
6,Spain,1991,5.492712986,14771.6723,1.04373829,0.275233991,75.528
6,Spain,1992,5.092531479,16068.42672,1.045334249,0.456266401,75.61
6,Spain,1993,4.491702659,13303.67613,1.04880958,0.64901579,75.692
6,Spain,1994,4.132442745,13378.84984,1.050780683,1.035922387,75.774
6,Spain,1995,4.125193775,15429.93942,1.050591483,2.368872407,75.856
6,Spain,1996,3.938116656,16069.20709,1.049733867,7.492366029,75.938
6,Spain,1997,4.034621362,14696.21611,1.050195962,10.80869022,76.019
6,Spain,1998,4.021542605,15340.33211,1.051484992,15.97672349,76.1
6,Spain,1999,4.380961732,15678.21523,1.051914154,37.00989274,76.181
6,Spain,2000,4.709848837,14676.70609,1.05225419,59.32239009,76.262
6,Spain,2001,5.176519454,15323.6114,1.053832362,71.64586201,76.343
6,Spain,2002,5.464751913,17019.53541,1.054809449,79.86324095,76.533
6,Spain,2003,5.756433157,21495.70741,1.055670846,87.26111814,76.778
6,Spain,2004,5.890547204,24918.64584,1.056389576,89.09134015,77.022
6,Spain,2005,6.23338486,26510.71745,1.058751286,96.93815529,77.263
6,Spain,2006,6.626126174,28482.60948,1.059862622,102.1677305,77.502
6,Spain,2007,7.118512579,32709.40104,1.062377059,106.6718542,77.74
6,Spain,2008,6.947297935,35579.30993,1.061929112,107.8819694,77.976
6,Spain,2009,6.188855481,32334.00548,1.063831443,109.8472629,78.21
6,Spain,2010,5.473421463,30736.62785,1.063703423,109.8331304,78.442
6,Spain,2011,5.198178568,31835.2888,1.064079567,112.1114334,78.673
6,Spain,2012,4.975532673,28563.85904,1.060610742,108.1261331,78.902
6,Spain,2013,4.763311899,29211.77375,1.057819797,107.4118145,79.133
22,Sweden,1990,4.05340819,30162.31577,1.049602826,5.383206823,83.1
22,Sweden,1991,3.817052791,31374.11699,1.047975235,6.587721447,83.204
22,Sweden,1992,3.603534775,32338.50395,1.05011842,7.551741517,83.361
22,Sweden,1993,3.107222462,24080.89967,1.053574637,8.854691146,83.516
22,Sweden,1994,2.883783524,25747.24169,1.054434847,15.69633179,83.671
22,Sweden,1995,2.906438721,29914.33175,1.052713476,22.72413489,83.824
22,Sweden,1996,2.717040599,32587.2641,1.04984411,28.12897927,83.914
22,Sweden,1997,2.703668494,29897.79263,1.048679518,35.7317908,83.942
22,Sweden,1998,2.273729935,30143.62746,1.052289001,46.3202616,83.97
22,Sweden,1999,2.25629596,30577.08177,1.055685109,57.77011417,83.998
22,Sweden,2000,2.724010402,29283.00505,1.06108782,71.74688458,84.026
22,Sweden,2001,2.478905788,26969.24457,1.062268232,80.67169016,84.071
22,Sweden,2002,2.658436321,29571.70446,1.06185079,89.10741698,84.133
22,Sweden,2003,2.617097957,36961.42537,1.05485912,98.31957425,84.196
22,Sweden,2004,2.371631683,42442.22045,1.05609059,97.71274322,84.258
22,Sweden,2005,2.213271539,43085.35315,1.054771247,100.7233071,84.319
22,Sweden,2006,2.336216871,46256.4716,1.057760758,105.6147887,84.43
22,Sweden,2007,2.206039837,53324.37937,1.057897837,110.4068942,84.588
22,Sweden,2008,2.003425382,55746.84238,1.06114412,108.4131131,84.746
22,Sweden,2009,2.051033592,46207.0592,1.05876938,112.0956103,84.902
22,Sweden,2010,1.92326823,52076.25591,1.053978623,117.0629429,85.056
22,Sweden,2011,1.839942422,59593.28711,1.05548268,121.0055217,85.297
22,Sweden,2012,1.789810993,57134.07707,1.060041701,124.1857719,85.62
22,Sweden,2013,1.790603904,60283.24522,1.066788219,124.9512155,85.936
2,Switzerland,1990,1.839682448,38428.3855,1.059889122,1.873394168,73.926
2,Switzerland,1991,2.298339898,38399.21061,1.061371656,2.589455767,73.869
2,Switzerland,1992,1.703339419,39534.542,1.055127052,3.155526562,73.815
2,Switzerland,1993,1.716065897,38100.73673,1.056682977,3.739378374,73.762
2,Switzerland,1994,1.470795463,41843.75688,1.058232932,4.771619748,73.708
2,Switzerland,1995,1.52201676,48662.43977,1.060215881,6.371238971,73.654
2,Switzerland,1996,1.467168879,46676.85094,1.057948881,9.385310344,73.6
2,Switzerland,1997,1.24443391,40417.96228,1.058953998,14.72664421,73.546
2,Switzerland,1998,1.59726637,41497.20261,1.059549302,23.87258864,73.492
2,Switzerland,1999,1.666373439,40581.30705,1.063077555,42.83146907,73.438
2,Switzerland,2000,1.608636663,37868.32306,1.066514621,64.71825317,73.383
2,Switzerland,2001,1.670597972,38538.99005,1.063819574,73.24755976,73.375
2,Switzerland,2002,1.735200863,41376.39399,1.049921551,79.18789483,73.401
2,Switzerland,2003,1.427262704,48087.58314,1.048140221,84.87507976,73.427
2,Switzerland,2004,1.622685407,53340.14766,1.053757529,85.4029135,73.452
2,Switzerland,2005,1.679801564,54952.67372,1.056187007,92.22603163,73.478
2,Switzerland,2006,1.313949378,57579.50195,1.057091485,99.39516725,73.504
2,Switzerland,2007,1.362387451,63555.2375,1.059039327,108.57798,73.53
2,Switzerland,2008,1.287185355,72487.84593,1.057614718,116.3559314,73.556
2,Switzerland,2009,1.15996088,69927.46877,1.057603809,120.4909656,73.581
2,Switzerland,2010,1.214077148,74605.72102,1.057783925,123.1383135,73.607
2,Switzerland,2011,1.060767965,88415.62806,1.052625011,127.1387232,73.631
2,Switzerland,2012,1.118148409,83538.23008,1.052560794,131.49289,73.653
2,Switzerland,2013,1.069081533,85112.4644,1.051418105,135.8549107,73.674
23,United States of America,1990,39.46270829,23954.47935,1.058680602,2.092050864,75.3
23,United States of America,1991,40.90824526,24405.16481,1.060695192,2.963880131,75.701
23,United States of America,1992,40.39491311,25492.95165,1.061780809,4.285325262,76.097
23,United States of America,1993,40.24373761,26464.85251,1.062306063,6.157006979,76.488
23,United States of America,1994,40.20479557,27776.63553,1.062792492,9.18561207,76.875
23,United States of America,1995,38.3156325,28782.17502,1.063340979,12.71768704,77.257
23,United States of America,1996,35.72252657,30068.23092,1.063693556,16.38483296,77.636
23,United States of America,1997,33.58361781,31572.69023,1.063706762,20.32519807,78.008
23,United States of America,1998,31.66961342,32949.19776,1.063493075,25.1174665,78.377
23,United States of America,1999,29.72030698,34620.9289,1.063492736,30.85645141,78.742
23,United States of America,2000,28.35409972,36449.85512,1.063567383,38.82436785,79.057
23,United States of America,2001,25.93207069,37273.6181,1.062637086,45.11108352,79.234
23,United States of America,2002,24.43736096,38166.03784,1.06061211,49.32056453,79.409
23,United States of America,2003,23.37349513,39677.19835,1.05874255,55.38679309,79.583
23,United States of America,2004,23.03121371,41921.80976,1.057685112,63.17748926,79.757
23,United States of America,2005,22.42077655,44307.92058,1.057804033,69.02054837,79.928
23,United States of America,2006,22.76985522,46437.06712,1.058046917,77.09164231,80.099
23,United States of America,2007,22.69739017,48061.53766,1.057401215,82.93546295,80.269
23,United States of America,2008,21.90405154,48401.42734,1.056803856,86.13129085,80.438
23,United States of America,2009,20.24372413,47001.55535,1.056627777,89.61260458,80.606
23,United States of America,2010,17.98513923,48375.40695,1.056584167,92.37840689,80.772
23,United States of America,2011,15.92109369,49793.71352,1.054775593,95.61250193,80.944
23,United States of America,2012,14.57959108,51450.95911,1.050985033,97.28807458,81.119
23,United States of America,2013,12.70747476,52782.08651,1.047868666,98.46652501,81.299
30,New Zealand,1990,36.06935411202321,NA,NA,NA,NA
30,New Zealand,1991,35.644676259434796,NA,NA,NA,NA
30,New Zealand,1992,34.2513950041215,NA,NA,NA,NA
30,New Zealand,1993,33.75599489139184,NA,NA,NA,NA
30,New Zealand,1994,33.66355188386955,NA,NA,NA,NA
30,New Zealand,1995,35.88348268580385,NA,NA,NA,NA
30,New Zealand,1996,34.61389110036712,NA,NA,NA,NA
30,New Zealand,1997,34.72795992904572,NA,NA,NA,NA
30,New Zealand,1998,30.769593422579366,NA,NA,NA,NA
30,New Zealand,1999,30.102189010060467,NA,NA,NA,NA
30,New Zealand,2000,29.328794412777153,NA,NA,NA,NA
30,New Zealand,2001,27.83457696795812,NA,NA,NA,NA
30,New Zealand,2002,26.719917134556088,NA,NA,NA,NA
30,New Zealand,2003,27.648096614854417,NA,NA,NA,NA
30,New Zealand,2004,28.416103411475163,NA,NA,NA,NA
30,New Zealand,2005,28.760773870644318,NA,NA,NA,NA
30,New Zealand,2006,29.274473491868168,NA,NA,NA,NA
30,New Zealand,2007,32.73523721220665,NA,NA,NA,NA
30,New Zealand,2008,33.93926716276267,NA,NA,NA,NA
30,New Zealand,2009,29.859401028754185,NA,NA,NA,NA
30,New Zealand,2010,29.39761785300802,NA,NA,NA,NA
30,New Zealand,2011,25.22396191540695,NA,NA,NA,NA
30,New Zealand,2012,23.859801645953844,NA,NA,NA,NA
30,New Zealand,2013,20.89256928653691,NA,NA,NA,NA
